timestep,group,group_members,MSEUr,DTUr,sched_members,sched_members_complete,decision,reward
1,0,"[0, 1, 2, 3, 4, 5, 6]","const(MSEUr, Q3)","inc(DTUr, MAX)","[[0, 1, 3, 4, 5, 6], [2]]","[[0, 1, 3, 4, 5, 6], [2]]","inc(G0, NaN, 75)",0.698
2,0,"[0, 1, 2, 3, 4, 5, 6]","const(MSEUr, Q3)","inc(DTUr, Q4)","[[2, 3, 4, 5, 6], [0, 1]]","[[2, 3, 4, 5, 6], [0, 1]]","dec(G0, NaN, 75)",0.669
3,0,"[0, 1, 2, 3, 4, 5, 6]","const(MSEUr, Q3)","inc(DTUr, Q4)","[[1, 2, 4, 5, 6], [0, 3]]","[[1, 2, 4, 5, 6], [0, 3]]","const(G0, Q2, 75)",0.675
4,0,"[0, 1, 2, 3, 4, 5, 6]","const(MSEUr, Q3)","inc(DTUr, Q4)","[[0, 1, 2, 3, 5, 6], [4]]","[[0, 1, 2, 3, 5, 6], [4]]","inc(G0, Q3, 75)",0.763
5,0,"[0, 1, 2, 3, 4, 5, 6]","const(MSEUr, Q3)","inc(DTUr, Q4)","[[1, 2, 3, 4, 5], [0, 6]]","[[1, 2, 3, 4, 5], [0, 6]]","dec(G0, Q2, 75)",0.701
6,0,"[0, 1, 2, 3, 4, 5, 6]","const(MSEUr, Q3)","inc(DTUr, Q4)","[[3], [0, 1, 2, 4, 5, 6]]","[[3], [0, 1, 2, 4, 5, 6]]","dec(G0, Q1, 25)",0.488
7,0,"[0, 1, 2, 3, 4, 5, 6]","const(MSEUr, Q3)","const(DTUr, Q4)","[[1, 2, 3, 4, 5, 6], [0]]","[[1, 2, 3, 4, 5, 6], [0]]","inc(G0, Q3, 75)",0.75
8,0,"[0, 1, 2, 3, 4, 5, 6]","const(MSEUr, Q3)","inc(DTUr, Q4)","[[3, 4, 5, 6], [0, 1, 2]]","[[3, 4, 5, 6], [0, 1, 2]]","dec(G0, Q1, 50)",0.632
9,0,"[0, 1, 2, 3, 4, 5, 6]","const(MSEUr, Q3)","inc(DTUr, Q4)","[[1], [0, 2, 3, 4, 5, 6]]","[[1], [0, 2, 3, 4, 5, 6]]","dec(G0, Q1, 25)",0.484
10,0,"[0, 1, 2, 3, 4, 5, 6]","const(MSEUr, Q3)","const(DTUr, Q4)","[[1, 2, 3, 4, 5, 6], [0]]","[[1, 2, 3, 4, 5, 6], [0]]","inc(G0, Q3, 75)",0.743
11,0,"[0, 1, 2, 3, 4, 5, 6]","const(MSEUr, Q3)","inc(DTUr, Q4)","[[4], [0, 1, 2, 3, 5, 6]]","[[4], [0, 1, 2, 3, 5, 6]]","dec(G0, Q1, 25)",0.466
12,0,"[0, 1, 2, 3, 4, 5, 6]","const(MSEUr, Q3)","const(DTUr, Q4)","[[0, 1, 3, 4, 5, 6], [2]]","[[0, 1, 3, 4, 5, 6], [2]]","inc(G0, Q3, 75)",0.759
13,0,"[0, 1, 2, 3, 4, 5, 6]","const(MSEUr, Q3)","inc(DTUr, Q4)","[[0], [1, 2, 3, 4, 5, 6]]","[[0], [1, 2, 3, 4, 5, 6]]","dec(G0, Q1, 25)",0.482
14,0,"[0, 1, 2, 3, 4, 5, 6]","const(MSEUr, Q3)","const(DTUr, Q4)","[[1, 3], [0, 2, 4, 5, 6]]","[[1, 3], [0, 2, 4, 5, 6]]","inc(G0, Q1, 25)",0.54
15,0,"[0, 1, 2, 3, 4, 5, 6]","const(MSEUr, Q3)","const(DTUr, Q4)","[[0], [1, 2, 3, 4, 5, 6]]","[[0], [1, 2, 3, 4, 5, 6]]","dec(G0, Q1, 25)",0.487
16,0,"[0, 1, 2, 3, 4, 5, 6]","const(MSEUr, Q3)","const(DTUr, Q4)","[[0], [1, 2, 3, 4, 5, 6]]","[[0], [1, 2, 3, 4, 5, 6]]","const(G0, Q1, 25)",0.493
17,0,"[0, 1, 2, 3, 4, 5, 6]","const(MSEUr, Q3)","const(DTUr, Q4)","[[2, 4], [0, 1, 3, 5, 6]]","[[2, 4], [0, 1, 3, 5, 6]]","inc(G0, Q1, 25)",0.546
18,0,"[0, 1, 2, 3, 4, 5, 6]","const(MSEUr, Q3)","const(DTUr, Q4)","[[1], [0, 2, 3, 4, 5, 6]]","[[1], [0, 2, 3, 4, 5, 6]]","dec(G0, Q1, 25)",0.509
19,0,"[0, 1, 2, 3, 4, 5, 6]","const(MSEUr, Q3)","const(DTUr, Q4)","[[0], [1, 2, 3, 4, 5, 6]]","[[0], [1, 2, 3, 4, 5, 6]]","const(G0, Q1, 25)",0.506
20,0,"[0, 1, 2, 3, 4, 5, 6]","const(MSEUr, Q3)","const(DTUr, Q4)","[[0], [1, 2, 3, 4, 5, 6]]","[[0], [1, 2, 3, 4, 5, 6]]","const(G0, Q1, 25)",0.513
21,0,"[0, 1, 2, 3, 4, 5, 6]","const(MSEUr, Q3)","const(DTUr, Q4)","[[0, 1, 2, 3, 4, 5, 6], []]","[[0, 1, 2, 3, 4, 5, 6], []]","inc(G0, MAX, 100)",0.856
22,0,"[0, 1, 2, 3, 4, 5, 6]","const(MSEUr, Q3)","inc(DTUr, Q4)","[[4], [0, 1, 2, 3, 5, 6]]","[[4], [0, 1, 2, 3, 5, 6]]","dec(G0, Q1, 25)",0.506
23,0,"[0, 1, 2, 3, 4, 5, 6]","const(MSEUr, Q3)","const(DTUr, Q4)","[[0], [1, 2, 3, 4, 5, 6]]","[[0], [1, 2, 3, 4, 5, 6]]","const(G0, Q2, 25)",0.517
24,0,"[0, 1, 2, 3, 4, 5, 6]","const(MSEUr, Q3)","const(DTUr, Q4)","[[0, 1, 2, 3, 4, 5, 6], []]","[[0, 1, 2, 3, 4, 5, 6], []]","inc(G0, MAX, 100)",0.855
25,0,"[0, 1, 2, 3, 4, 5, 6]","const(MSEUr, Q3)","inc(DTUr, Q4)","[[0], [1, 2, 3, 4, 5, 6]]","[[0], [1, 2, 3, 4, 5, 6]]","dec(G0, Q2, 25)",0.523
26,0,"[0, 1, 2, 3, 4, 5, 6]","const(MSEUr, Q3)","const(DTUr, Q4)","[[0, 3, 5], [1, 2, 4, 6]]","[[0, 3, 5], [1, 2, 4, 6]]","inc(G0, Q2, 50)",0.638
27,0,"[0, 1, 2, 3, 4, 5, 6]","const(MSEUr, Q3)","const(DTUr, Q4)","[[1], [0, 2, 3, 4, 5, 6]]","[[1], [0, 2, 3, 4, 5, 6]]","dec(G0, Q1, 25)",0.528
28,0,"[0, 1, 2, 3, 4, 5, 6]","dec(MSEUr, Q2)","const(DTUr, Q4)","[[0, 1, 2, 4, 5, 6], [3]]","[[0, 1, 2, 4, 5, 6], [3]]","inc(G0, Q4, 75)",0.806
29,0,"[0, 1, 2, 3, 4, 5]","const(MSEUr, Q2)","const(DTUr, Q4)","[[0], [1, 2, 3, 4, 5]]","[[0], [1, 2, 3, 4, 5, 6]]","dec(G0, Q1, 25)",0.52
30,0,"[0, 1, 2, 3, 4, 5]","const(MSEUr, Q2)","const(DTUr, Q4)","[[1], [0, 2, 3, 4, 5]]","[[1], [0, 2, 3, 4, 5, 6]]","const(G0, Q2, 25)",0.531
30,1,[6],"const(MSEUr, Q2)","const(DTUr, Q4)","[[], [6]]","[[1], [0, 2, 3, 4, 5, 6]]","const(G1, Q1, 0)",0.531
31,0,"[0, 1, 2, 3, 4, 5]","const(MSEUr, Q2)","const(DTUr, Q4)","[[0], [1, 2, 3, 4, 5]]","[[0], [1, 2, 3, 4, 5, 6]]","const(G0, Q2, 25)",0.522
31,1,[6],"const(MSEUr, Q2)","const(DTUr, Q4)","[[], [6]]","[[0], [1, 2, 3, 4, 5, 6]]","const(G1, Q1, 0)",0.522
32,0,"[0, 1, 2, 3, 4, 5]","const(MSEUr, Q2)","const(DTUr, Q4)","[[0], [1, 2, 3, 4, 5]]","[[0], [1, 2, 3, 4, 5, 6]]","const(G0, Q2, 25)",0.523
32,1,[6],"const(MSEUr, Q2)","const(DTUr, Q4)","[[], [6]]","[[0], [1, 2, 3, 4, 5, 6]]","const(G1, Q1, 0)",0.523
33,0,"[0, 1, 2, 3, 4, 5]","const(MSEUr, Q3)","const(DTUr, Q4)","[[0], [1, 2, 3, 4, 5]]","[[0], [1, 2, 3, 4, 5, 6]]","const(G0, Q2, 25)",0.522
33,1,[6],"const(MSEUr, Q2)","const(DTUr, Q4)","[[], [6]]","[[0], [1, 2, 3, 4, 5, 6]]","const(G1, Q1, 0)",0.522
34,0,"[0, 1, 2, 3, 4, 5, 6]","const(MSEUr, Q3)","const(DTUr, Q4)","[[0], [1, 2, 3, 4, 5, 6]]","[[0], [1, 2, 3, 4, 5, 6]]","const(G0, Q2, 25)",0.524
35,0,"[0, 1, 2, 3, 4, 5, 6]","const(MSEUr, Q2)","const(DTUr, Q4)","[[0], [1, 2, 3, 4, 5, 6]]","[[0], [1, 2, 3, 4, 5, 6]]","const(G0, Q2, 25)",0.525
36,0,"[0, 1, 2, 3, 4, 5]","const(MSEUr, Q3)","const(DTUr, Q4)","[[0], [1, 2, 3, 4, 5]]","[[0], [1, 2, 3, 4, 5, 6]]","const(G0, Q2, 25)",0.523
36,1,[6],"const(MSEUr, Q2)","const(DTUr, Q4)","[[], [6]]","[[0], [1, 2, 3, 4, 5, 6]]","const(G1, Q1, 0)",0.523
37,0,"[0, 1, 2, 3, 4, 5]","const(MSEUr, Q3)","const(DTUr, Q4)","[[0], [1, 2, 3, 4, 5]]","[[0], [1, 2, 3, 4, 5, 6]]","const(G0, Q2, 25)",0.524
37,1,[6],"const(MSEUr, Q2)","const(DTUr, Q4)","[[], [6]]","[[0], [1, 2, 3, 4, 5, 6]]","const(G1, Q1, 0)",0.524
38,0,"[0, 1, 2, 3, 4, 5]","const(MSEUr, Q3)","const(DTUr, Q4)","[[0], [1, 2, 3, 4, 5]]","[[0], [1, 2, 3, 4, 5, 6]]","const(G0, Q2, 25)",0.524
38,1,[6],"const(MSEUr, Q2)","const(DTUr, Q4)","[[], [6]]","[[0], [1, 2, 3, 4, 5, 6]]","const(G1, Q1, 0)",0.524
39,0,"[0, 1, 2, 3, 4, 5]","const(MSEUr, Q3)","const(DTUr, Q4)","[[0], [1, 2, 3, 4, 5]]","[[0], [1, 2, 3, 4, 5, 6]]","const(G0, Q3, 25)",0.523
39,1,[6],"const(MSEUr, Q2)","const(DTUr, Q4)","[[], [6]]","[[0], [1, 2, 3, 4, 5, 6]]","const(G1, Q1, 0)",0.523
40,0,"[0, 1, 2, 3, 4, 5, 6]","const(MSEUr, Q3)","const(DTUr, Q4)","[[0], [1, 2, 3, 4, 5, 6]]","[[0], [1, 2, 3, 4, 5, 6]]","const(G0, Q3, 25)",0.522
41,0,"[0, 1, 2, 3, 4, 5, 6]","const(MSEUr, Q3)","const(DTUr, Q4)","[[0], [1, 2, 3, 4, 5, 6]]","[[0], [1, 2, 3, 4, 5, 6]]","const(G0, Q3, 25)",0.522
42,0,"[0, 1, 2, 3, 4, 5, 6]","const(MSEUr, Q3)","const(DTUr, Q4)","[[0], [1, 2, 3, 4, 5, 6]]","[[0], [1, 2, 3, 4, 5, 6]]","const(G0, Q2, 25)",0.521
43,0,"[0, 1, 2, 3, 4, 5, 6]","const(MSEUr, Q3)","const(DTUr, Q4)","[[0], [1, 2, 3, 4, 5, 6]]","[[0], [1, 2, 3, 4, 5, 6]]","const(G0, Q2, 25)",0.52
44,0,"[0, 1, 2, 3, 4, 5, 6]","const(MSEUr, Q3)","const(DTUr, Q4)","[[0], [1, 2, 3, 4, 5, 6]]","[[0], [1, 2, 3, 4, 5, 6]]","const(G0, Q3, 25)",0.518
45,0,"[0, 1, 2, 3, 4, 5, 6]","const(MSEUr, Q3)","const(DTUr, Q4)","[[0], [1, 2, 3, 4, 5, 6]]","[[0], [1, 2, 3, 4, 5, 6]]","const(G0, Q3, 25)",0.517
46,0,"[0, 1, 2, 3, 4, 5, 6]","const(MSEUr, Q3)","const(DTUr, Q4)","[[0], [1, 2, 3, 4, 5, 6]]","[[0], [1, 2, 3, 4, 5, 6]]","const(G0, Q2, 25)",0.514
47,0,"[0, 1, 2, 3, 4, 5, 6]","const(MSEUr, Q3)","const(DTUr, Q4)","[[1], [0, 2, 3, 4, 5, 6]]","[[1], [0, 2, 3, 4, 5, 6]]","const(G0, Q2, 25)",0.524
48,0,"[0, 1, 2, 3, 4, 5, 6]","const(MSEUr, Q3)","const(DTUr, Q4)","[[0], [1, 2, 3, 4, 5, 6]]","[[0], [1, 2, 3, 4, 5, 6]]","const(G0, Q3, 25)",0.512
49,0,"[0, 1, 2, 3, 4, 5, 6]","const(MSEUr, Q3)","const(DTUr, Q4)","[[0], [1, 2, 3, 4, 5, 6]]","[[0], [1, 2, 3, 4, 5, 6]]","const(G0, Q3, 25)",0.511
50,0,"[0, 1, 2, 3, 4, 5, 6]","const(MSEUr, Q3)","const(DTUr, Q4)","[[0], [1, 2, 3, 4, 5, 6]]","[[0], [1, 2, 3, 4, 5, 6]]","const(G0, Q2, 25)",0.509
51,0,"[0, 1, 2, 3, 4, 5, 6]","const(MSEUr, Q3)","const(DTUr, Q4)","[[0], [1, 2, 3, 4, 5, 6]]","[[0], [1, 2, 3, 4, 5, 6]]","const(G0, Q2, 25)",0.506
52,0,"[0, 1, 2, 3, 4, 5, 6]","const(MSEUr, Q3)","const(DTUr, Q4)","[[0], [1, 2, 3, 4, 5, 6]]","[[0], [1, 2, 3, 4, 5, 6]]","const(G0, Q3, 25)",0.504
53,0,"[0, 1, 2, 3, 4, 5, 6]","const(MSEUr, Q3)","const(DTUr, Q4)","[[0], [1, 2, 3, 4, 5, 6]]","[[0], [1, 2, 3, 4, 5, 6]]","const(G0, Q3, 25)",0.503
54,0,"[0, 1, 2, 3, 4, 5, 6]","const(MSEUr, Q3)","const(DTUr, Q4)","[[0], [1, 2, 3, 4, 5, 6]]","[[0], [1, 2, 3, 4, 5, 6]]","const(G0, Q2, 25)",0.5
55,0,"[0, 1, 2, 3, 4, 5, 6]","const(MSEUr, Q3)","const(DTUr, Q4)","[[0], [1, 2, 3, 4, 5, 6]]","[[0], [1, 2, 3, 4, 5, 6]]","const(G0, Q2, 25)",0.498
56,0,"[0, 1, 2, 3, 4, 5, 6]","const(MSEUr, Q3)","const(DTUr, Q4)","[[0], [1, 2, 3, 4, 5, 6]]","[[0], [1, 2, 3, 4, 5, 6]]","const(G0, Q3, 25)",0.494
57,0,"[0, 1, 2, 3, 4, 5, 6]","const(MSEUr, Q3)","const(DTUr, Q4)","[[0], [1, 2, 3, 4, 5, 6]]","[[0], [1, 2, 3, 4, 5, 6]]","const(G0, Q3, 25)",0.492
58,0,"[0, 1, 2, 3, 4, 5, 6]","const(MSEUr, Q3)","const(DTUr, Q4)","[[0], [1, 2, 3, 4, 5, 6]]","[[0], [1, 2, 3, 4, 5, 6]]","const(G0, Q2, 25)",0.489
59,0,"[0, 1, 2, 3, 4, 5, 6]","const(MSEUr, Q3)","const(DTUr, Q4)","[[0], [1, 2, 3, 4, 5, 6]]","[[0], [1, 2, 3, 4, 5, 6]]","const(G0, Q2, 25)",0.488
60,0,"[0, 1, 2, 3, 4, 5, 6]","const(MSEUr, Q3)","const(DTUr, Q4)","[[0], [1, 2, 3, 4, 5, 6]]","[[0], [1, 2, 3, 4, 5, 6]]","const(G0, Q3, 25)",0.484
61,0,"[0, 1, 2, 3, 4, 5, 6]","const(MSEUr, Q3)","const(DTUr, Q4)","[[0], [1, 2, 3, 4, 5, 6]]","[[0], [1, 2, 3, 4, 5, 6]]","const(G0, Q3, 25)",0.482
62,0,"[0, 1, 2, 3, 4, 5, 6]","const(MSEUr, Q3)","const(DTUr, Q4)","[[0], [1, 2, 3, 4, 5, 6]]","[[0], [1, 2, 3, 4, 5, 6]]","const(G0, Q2, 25)",0.479
63,0,"[0, 1, 2, 3, 4, 5, 6]","const(MSEUr, Q3)","const(DTUr, Q4)","[[0], [1, 2, 3, 4, 5, 6]]","[[0], [1, 2, 3, 4, 5, 6]]","const(G0, Q2, 25)",0.476
64,0,"[0, 1, 2, 3, 4, 5, 6]","const(MSEUr, Q3)","const(DTUr, Q4)","[[0], [1, 2, 3, 4, 5, 6]]","[[0], [1, 2, 3, 4, 5, 6]]","const(G0, Q3, 25)",0.473
65,0,"[0, 1, 2, 3, 4, 5, 6]","const(MSEUr, Q3)","const(DTUr, Q4)","[[0], [1, 2, 3, 4, 5, 6]]","[[0], [1, 2, 3, 4, 5, 6]]","const(G0, Q3, 25)",0.47
66,0,"[0, 1, 2, 3, 4, 5, 6]","const(MSEUr, Q3)","const(DTUr, Q4)","[[0], [1, 2, 3, 4, 5, 6]]","[[0], [1, 2, 3, 4, 5, 6]]","const(G0, Q2, 25)",0.467
67,0,"[0, 1, 2, 3, 4, 5, 6]","const(MSEUr, Q3)","const(DTUr, Q4)","[[4, 5, 6], [0, 1, 2, 3]]","[[4, 5, 6], [0, 1, 2, 3]]","inc(G0, Q3, 50)",0.556
68,0,"[0, 1, 2, 3, 4, 5, 6]","const(MSEUr, Q3)","const(DTUr, Q4)","[[1, 2, 3, 4, 5, 6], [0]]","[[1, 2, 3, 4, 5, 6], [0]]","inc(G0, Q4, 75)",0.742
69,0,"[0, 1, 2, 3, 4, 5, 6]","const(MSEUr, Q3)","const(DTUr, Q4)","[[0], [1, 2, 3, 4, 5, 6]]","[[0], [1, 2, 3, 4, 5, 6]]","dec(G0, Q2, 25)",0.478
70,0,"[0, 1, 2, 3, 4, 5, 6]","const(MSEUr, Q3)","const(DTUr, Q4)","[[0], [1, 2, 3, 4, 5, 6]]","[[0], [1, 2, 3, 4, 5, 6]]","const(G0, Q2, 25)",0.475
71,0,"[0, 1, 2, 3, 4, 5, 6]","const(MSEUr, Q3)","const(DTUr, Q4)","[[0], [1, 2, 3, 4, 5, 6]]","[[0], [1, 2, 3, 4, 5, 6]]","const(G0, Q2, 25)",0.473
72,0,"[0, 1, 2, 3, 4, 5, 6]","const(MSEUr, Q3)","const(DTUr, Q4)","[[0], [1, 2, 3, 4, 5, 6]]","[[0], [1, 2, 3, 4, 5, 6]]","const(G0, Q3, 25)",0.47
73,0,"[0, 1, 2, 3, 4, 5, 6]","const(MSEUr, Q3)","const(DTUr, Q4)","[[0], [1, 2, 3, 4, 5, 6]]","[[0], [1, 2, 3, 4, 5, 6]]","const(G0, Q3, 25)",0.468
74,0,"[0, 1, 2, 3, 4, 5, 6]","const(MSEUr, Q3)","const(DTUr, Q4)","[[0], [1, 2, 3, 4, 5, 6]]","[[0], [1, 2, 3, 4, 5, 6]]","const(G0, Q2, 25)",0.465
75,0,"[0, 1, 2, 3, 4, 5, 6]","const(MSEUr, Q3)","const(DTUr, Q4)","[[0], [1, 2, 3, 4, 5, 6]]","[[0], [1, 2, 3, 4, 5, 6]]","const(G0, Q2, 25)",0.461
76,0,"[0, 1, 2, 3, 4, 5, 6]","const(MSEUr, Q3)","const(DTUr, Q4)","[[0], [1, 2, 3, 4, 5, 6]]","[[0], [1, 2, 3, 4, 5, 6]]","const(G0, Q3, 25)",0.458
77,0,"[0, 1, 2, 3, 4, 5, 6]","const(MSEUr, Q3)","const(DTUr, Q4)","[[0], [1, 2, 3, 4, 5, 6]]","[[0], [1, 2, 3, 4, 5, 6]]","const(G0, Q3, 25)",0.456
78,0,"[0, 1, 2, 3, 4, 5, 6]","const(MSEUr, Q3)","const(DTUr, Q4)","[[1], [0, 2, 3, 4, 5, 6]]","[[1], [0, 2, 3, 4, 5, 6]]","const(G0, Q3, 25)",0.465
79,0,"[0, 1, 2, 3, 4, 5, 6]","const(MSEUr, Q3)","const(DTUr, Q4)","[[0], [1, 2, 3, 4, 5, 6]]","[[0], [1, 2, 3, 4, 5, 6]]","const(G0, Q3, 25)",0.454
80,0,"[0, 1, 2, 3, 4, 5, 6]","const(MSEUr, Q3)","const(DTUr, Q4)","[[0], [1, 2, 3, 4, 5, 6]]","[[0], [1, 2, 3, 4, 5, 6]]","const(G0, Q2, 25)",0.452
81,0,"[0, 1, 2, 3, 4, 5, 6]","const(MSEUr, Q3)","const(DTUr, Q4)","[[0], [1, 2, 3, 4, 5, 6]]","[[0], [1, 2, 3, 4, 5, 6]]","const(G0, Q2, 25)",0.449
82,0,"[0, 1, 2, 3, 4, 5, 6]","const(MSEUr, Q3)","const(DTUr, Q4)","[[0], [1, 2, 3, 4, 5, 6]]","[[0], [1, 2, 3, 4, 5, 6]]","const(G0, Q3, 25)",0.446
83,0,"[0, 1, 2, 3, 4, 5, 6]","const(MSEUr, Q3)","const(DTUr, Q4)","[[0], [1, 2, 3, 4, 5, 6]]","[[0], [1, 2, 3, 4, 5, 6]]","const(G0, Q3, 25)",0.445
84,0,"[0, 1, 2, 3, 4, 5, 6]","const(MSEUr, Q3)","const(DTUr, Q4)","[[0], [1, 2, 3, 4, 5, 6]]","[[0], [1, 2, 3, 4, 5, 6]]","const(G0, Q2, 25)",0.441
85,0,"[0, 1, 2, 3, 4, 5, 6]","const(MSEUr, Q3)","const(DTUr, Q4)","[[0], [1, 2, 3, 4, 5, 6]]","[[0], [1, 2, 3, 4, 5, 6]]","const(G0, Q2, 25)",0.439
86,0,"[0, 1, 2, 3, 4, 5, 6]","const(MSEUr, Q3)","const(DTUr, Q4)","[[0], [1, 2, 3, 4, 5, 6]]","[[0], [1, 2, 3, 4, 5, 6]]","const(G0, Q3, 25)",0.436
87,0,"[0, 1, 2, 3, 4, 5, 6]","const(MSEUr, Q3)","const(DTUr, Q4)","[[0], [1, 2, 3, 4, 5, 6]]","[[0], [1, 2, 3, 4, 5, 6]]","const(G0, Q3, 25)",0.433
88,0,"[0, 1, 2, 3, 4, 5, 6]","const(MSEUr, Q3)","const(DTUr, Q4)","[[2, 3], [0, 1, 4, 5, 6]]","[[2, 3], [0, 1, 4, 5, 6]]","inc(G0, Q3, 25)",0.49
89,0,"[0, 1, 2, 3, 4, 5, 6]","const(MSEUr, Q3)","const(DTUr, Q4)","[[0], [1, 2, 3, 4, 5, 6]]","[[0], [1, 2, 3, 4, 5, 6]]","dec(G0, Q2, 25)",0.434
90,0,"[0, 1, 2, 3, 4, 5, 6]","const(MSEUr, Q3)","const(DTUr, Q4)","[[0], [1, 2, 3, 4, 5, 6]]","[[0], [1, 2, 3, 4, 5, 6]]","const(G0, Q2, 25)",0.432
91,0,"[0, 1, 2, 3, 4, 5, 6]","const(MSEUr, Q3)","const(DTUr, Q4)","[[0], [1, 2, 3, 4, 5, 6]]","[[0], [1, 2, 3, 4, 5, 6]]","const(G0, Q2, 25)",0.429
92,0,"[0, 1, 2, 3, 4, 5, 6]","const(MSEUr, Q3)","const(DTUr, Q4)","[[6], [0, 1, 2, 3, 4, 5]]","[[6], [0, 1, 2, 3, 4, 5]]","const(G0, Q3, 25)",0.434
93,0,"[0, 1, 2, 3, 4, 5, 6]","const(MSEUr, Q2)","const(DTUr, Q4)","[[0], [1, 2, 3, 4, 5, 6]]","[[0], [1, 2, 3, 4, 5, 6]]","const(G0, Q3, 25)",0.429
94,0,"[0, 1, 2, 3, 4, 5, 6]","const(MSEUr, Q3)","const(DTUr, Q4)","[[0], [1, 2, 3, 4, 5, 6]]","[[0], [1, 2, 3, 4, 5, 6]]","const(G0, Q2, 25)",0.425
95,0,"[0, 1, 2, 3, 4, 5, 6]","const(MSEUr, Q3)","const(DTUr, Q4)","[[0], [1, 2, 3, 4, 5, 6]]","[[0], [1, 2, 3, 4, 5, 6]]","const(G0, Q2, 25)",0.423
96,0,"[0, 1, 2, 3, 4, 5, 6]","const(MSEUr, Q2)","const(DTUr, Q4)","[[0], [1, 2, 3, 4, 5, 6]]","[[0], [1, 2, 3, 4, 5, 6]]","const(G0, Q3, 25)",0.421
97,0,"[0, 1, 2, 3, 4, 5, 6]","const(MSEUr, Q3)","const(DTUr, Q4)","[[0], [1, 2, 3, 4, 5, 6]]","[[0], [1, 2, 3, 4, 5, 6]]","const(G0, Q3, 25)",0.418
98,0,"[0, 1, 2, 3, 4, 5, 6]","const(MSEUr, Q3)","const(DTUr, Q4)","[[0], [1, 2, 3, 4, 5, 6]]","[[0], [1, 2, 3, 4, 5, 6]]","const(G0, Q2, 25)",0.416
99,0,"[0, 1, 2, 3, 4, 5, 6]","const(MSEUr, Q3)","const(DTUr, Q4)","[[0], [1, 2, 3, 4, 5, 6]]","[[0], [1, 2, 3, 4, 5, 6]]","const(G0, Q2, 25)",0.413
100,0,"[0, 1, 2, 3, 4, 5, 6]","const(MSEUr, Q2)","const(DTUr, Q4)","[[0], [1, 2, 3, 4, 5, 6]]","[[0], [1, 2, 3, 4, 5, 6]]","const(G0, Q3, 25)",0.411
101,0,"[0, 1, 2, 3, 4, 5, 6]","const(MSEUr, Q3)","const(DTUr, Q4)","[[4], [0, 1, 2, 3, 5, 6]]","[[4], [0, 1, 2, 3, 5, 6]]","const(G0, Q3, 25)",0.406
102,0,"[0, 1, 2, 3, 4, 5, 6]","const(MSEUr, Q2)","const(DTUr, Q4)","[[0], [1, 2, 3, 4, 5, 6]]","[[0], [1, 2, 3, 4, 5, 6]]","const(G0, Q2, 25)",0.41
103,0,"[0, 1, 2, 3, 4, 5, 6]","const(MSEUr, Q3)","const(DTUr, Q4)","[[0], [1, 2, 3, 4, 5, 6]]","[[0], [1, 2, 3, 4, 5, 6]]","const(G0, Q2, 25)",0.408
104,0,"[0, 1, 2, 3, 4, 5, 6]","const(MSEUr, Q3)","const(DTUr, Q4)","[[0], [1, 2, 3, 4, 5, 6]]","[[0], [1, 2, 3, 4, 5, 6]]","const(G0, Q3, 25)",0.405
105,0,"[0, 1, 2, 3, 4, 5, 6]","const(MSEUr, Q2)","const(DTUr, Q4)","[[0], [1, 2, 3, 4, 5, 6]]","[[0], [1, 2, 3, 4, 5, 6]]","const(G0, Q3, 25)",0.404
106,0,"[0, 1, 2, 3, 4, 5, 6]","const(MSEUr, Q2)","const(DTUr, Q4)","[[0], [1, 2, 3, 4, 5, 6]]","[[0], [1, 2, 3, 4, 5, 6]]","const(G0, Q2, 25)",0.4
107,0,"[0, 1, 2, 3, 4, 5, 6]","const(MSEUr, Q2)","const(DTUr, Q4)","[[0], [1, 2, 3, 4, 5, 6]]","[[0], [1, 2, 3, 4, 5, 6]]","const(G0, Q2, 25)",0.398
108,0,"[0, 1, 2, 3, 4, 5, 6]","const(MSEUr, Q2)","const(DTUr, Q4)","[[0], [1, 2, 3, 4, 5, 6]]","[[0], [1, 2, 3, 4, 5, 6]]","const(G0, Q3, 25)",0.396
109,0,"[0, 1, 2, 3, 4, 5, 6]","const(MSEUr, Q2)","const(DTUr, Q4)","[[0], [1, 2, 3, 4, 5, 6]]","[[0], [1, 2, 3, 4, 5, 6]]","const(G0, Q3, 25)",0.394
110,0,"[0, 1, 2, 3, 4, 5, 6]","const(MSEUr, Q2)","const(DTUr, Q4)","[[1], [0, 2, 3, 4, 5, 6]]","[[1], [0, 2, 3, 4, 5, 6]]","const(G0, Q2, 25)",0.394
111,0,"[0, 1, 2, 3, 4, 5, 6]","const(MSEUr, Q2)","const(DTUr, Q4)","[[0], [1, 2, 3, 4, 5, 6]]","[[0], [1, 2, 3, 4, 5, 6]]","const(G0, Q2, 25)",0.393
112,0,"[0, 1, 2, 3, 4, 5, 6]","const(MSEUr, Q2)","const(DTUr, Q4)","[[0], [1, 2, 3, 4, 5, 6]]","[[0], [1, 2, 3, 4, 5, 6]]","const(G0, Q3, 25)",0.39
113,0,"[0, 1, 2, 3, 4, 5, 6]","const(MSEUr, Q2)","const(DTUr, Q4)","[[0], [1, 2, 3, 4, 5, 6]]","[[0], [1, 2, 3, 4, 5, 6]]","const(G0, Q3, 25)",0.388
114,0,"[0, 1, 2, 3, 4, 5, 6]","const(MSEUr, Q2)","const(DTUr, Q4)","[[0], [1, 2, 3, 4, 5, 6]]","[[0], [1, 2, 3, 4, 5, 6]]","const(G0, Q2, 25)",0.385
115,0,"[0, 1, 2, 3, 4, 5, 6]","const(MSEUr, Q2)","const(DTUr, Q4)","[[0], [1, 2, 3, 4, 5, 6]]","[[0], [1, 2, 3, 4, 5, 6]]","const(G0, Q2, 25)",0.384
116,0,"[0, 1, 2, 3, 4, 5, 6]","const(MSEUr, Q2)","const(DTUr, Q4)","[[0], [1, 2, 3, 4, 5, 6]]","[[0], [1, 2, 3, 4, 5, 6]]","const(G0, Q3, 25)",0.38
117,0,"[0, 1, 2, 3, 4, 5, 6]","const(MSEUr, Q2)","const(DTUr, Q4)","[[0], [1, 2, 3, 4, 5, 6]]","[[0], [1, 2, 3, 4, 5, 6]]","const(G0, Q3, 25)",0.379
118,0,"[0, 1, 2, 3, 4, 5, 6]","const(MSEUr, Q2)","const(DTUr, Q4)","[[0], [1, 2, 3, 4, 5, 6]]","[[0], [1, 2, 3, 4, 5, 6]]","const(G0, Q2, 25)",0.377
119,0,"[0, 1, 2, 3, 4, 5, 6]","const(MSEUr, Q2)","const(DTUr, Q4)","[[0], [1, 2, 3, 4, 5, 6]]","[[0], [1, 2, 3, 4, 5, 6]]","const(G0, Q2, 25)",0.375
120,0,"[0, 1, 2, 3, 4, 5, 6]","const(MSEUr, Q2)","const(DTUr, Q4)","[[0], [1, 2, 3, 4, 5, 6]]","[[0], [1, 2, 3, 4, 5, 6]]","const(G0, Q3, 25)",0.373
121,0,"[0, 1, 2, 3, 4, 5, 6]","const(MSEUr, Q2)","const(DTUr, Q4)","[[0], [1, 2, 3, 4, 5, 6]]","[[0], [1, 2, 3, 4, 5, 6]]","const(G0, Q3, 25)",0.37
122,0,"[0, 1, 2, 3, 4, 5, 6]","const(MSEUr, Q2)","const(DTUr, Q4)","[[0], [1, 2, 3, 4, 5, 6]]","[[0], [1, 2, 3, 4, 5, 6]]","const(G0, Q2, 25)",0.369
123,0,"[0, 1, 2, 3, 4, 5, 6]","const(MSEUr, Q2)","const(DTUr, Q4)","[[0], [1, 2, 3, 4, 5, 6]]","[[0], [1, 2, 3, 4, 5, 6]]","const(G0, Q2, 25)",0.368
124,0,"[0, 1, 2, 3, 4, 5, 6]","const(MSEUr, Q2)","const(DTUr, Q4)","[[0], [1, 2, 3, 4, 5, 6]]","[[0], [1, 2, 3, 4, 5, 6]]","const(G0, Q3, 25)",0.365
125,0,"[0, 1, 2, 3, 4, 5, 6]","const(MSEUr, Q2)","const(DTUr, Q4)","[[0], [1, 2, 3, 4, 5, 6]]","[[0], [1, 2, 3, 4, 5, 6]]","const(G0, Q3, 25)",0.362
126,0,"[0, 1, 2, 3, 4, 5, 6]","const(MSEUr, Q2)","const(DTUr, Q4)","[[0], [1, 2, 3, 4, 5, 6]]","[[0], [1, 2, 3, 4, 5, 6]]","const(G0, Q2, 25)",0.36
127,0,"[0, 1, 2, 3, 4, 5, 6]","const(MSEUr, Q2)","const(DTUr, Q4)","[[0], [1, 2, 3, 4, 5, 6]]","[[0], [1, 2, 3, 4, 5, 6]]","const(G0, Q2, 25)",0.359
128,0,"[0, 1, 2, 3, 4, 5, 6]","const(MSEUr, Q2)","const(DTUr, Q4)","[[0], [1, 2, 3, 4, 5, 6]]","[[0], [1, 2, 3, 4, 5, 6]]","const(G0, Q3, 25)",0.356
129,0,"[0, 1, 2, 3, 4, 5, 6]","const(MSEUr, Q2)","const(DTUr, Q4)","[[0], [1, 2, 3, 4, 5, 6]]","[[0], [1, 2, 3, 4, 5, 6]]","const(G0, Q3, 25)",0.356
130,0,"[0, 1, 2, 3, 4, 5, 6]","const(MSEUr, Q2)","const(DTUr, Q4)","[[0, 1, 2, 3, 4, 5, 6], []]","[[0, 1, 2, 3, 4, 5, 6], []]","inc(G0, MAX, 100)",0.709
131,0,"[0, 1, 2, 3, 4, 5, 6]","const(MSEUr, Q2)","const(DTUr, Q4)","[[0], [1, 2, 3, 4, 5, 6]]","[[0], [1, 2, 3, 4, 5, 6]]","dec(G0, Q2, 25)",0.365
132,0,"[0, 1, 2, 3, 4, 5, 6]","const(MSEUr, Q2)","const(DTUr, Q4)","[[0], [1, 2, 3, 4, 5, 6]]","[[0], [1, 2, 3, 4, 5, 6]]","const(G0, Q2, 25)",0.363
133,0,"[0, 1, 2, 3, 4, 5, 6]","const(MSEUr, Q2)","const(DTUr, Q4)","[[0], [1, 2, 3, 4, 5, 6]]","[[0], [1, 2, 3, 4, 5, 6]]","const(G0, Q2, 25)",0.361
134,0,"[0, 1, 2, 3, 4, 5, 6]","const(MSEUr, Q2)","const(DTUr, Q4)","[[0], [1, 2, 3, 4, 5, 6]]","[[0], [1, 2, 3, 4, 5, 6]]","const(G0, Q1, 25)",0.359
135,0,"[0, 1, 2, 3, 4, 5, 6]","const(MSEUr, Q2)","const(DTUr, Q4)","[[0], [1, 2, 3, 4, 5, 6]]","[[0], [1, 2, 3, 4, 5, 6]]","const(G0, Q1, 25)",0.35
136,0,"[0, 1, 2, 3, 4, 5, 6]","const(MSEUr, Q2)","const(DTUr, Q4)","[[0], [1, 2, 3, 4, 5, 6]]","[[0], [1, 2, 3, 4, 5, 6]]","const(G0, Q3, 25)",0.347
137,0,"[0, 1, 2, 4, 5, 6]","const(MSEUr, Q2)","const(DTUr, Q4)","[[0], [1, 2, 4, 5, 6]]","[[0], [1, 2, 3, 4, 5, 6]]","const(G0, Q3, 25)",0.346
137,1,[3],"inc(MSEUr, Q3)","inc(DTUr, Q3)","[[], [3]]","[[0], [1, 2, 3, 4, 5, 6]]","const(G1, Q1, 0)",0.346
138,0,"[0, 1, 2, 3, 4, 5, 6]","const(MSEUr, Q2)","const(DTUr, Q4)","[[0], [1, 2, 3, 4, 5, 6]]","[[0], [1, 2, 3, 4, 5, 6]]","const(G0, Q2, 25)",0.344
139,0,"[0, 1, 2, 4, 5, 6]","const(MSEUr, Q2)","const(DTUr, Q4)","[[0], [1, 2, 4, 5, 6]]","[[0], [1, 2, 3, 4, 5, 6]]","const(G0, Q3, 25)",0.343
139,1,[3],"const(MSEUr, Q3)","const(DTUr, Q3)","[[], [3]]","[[0], [1, 2, 3, 4, 5, 6]]","const(G1, Q1, 0)",0.343
140,0,"[0, 1, 2, 4, 5, 6]","const(MSEUr, Q2)","const(DTUr, Q4)","[[0], [1, 2, 4, 5, 6]]","[[0], [1, 2, 3, 4, 5, 6]]","const(G0, Q3, 25)",0.341
140,1,[3],"const(MSEUr, Q3)","const(DTUr, Q3)","[[], [3]]","[[0], [1, 2, 3, 4, 5, 6]]","const(G1, Q1, 0)",0.341
141,0,"[0, 1, 2, 4, 5, 6]","const(MSEUr, Q2)","const(DTUr, Q4)","[[0], [1, 2, 4, 5, 6]]","[[0], [1, 2, 3, 4, 5, 6]]","const(G0, Q3, 25)",0.339
141,1,[3],"const(MSEUr, Q3)","const(DTUr, Q3)","[[], [3]]","[[0], [1, 2, 3, 4, 5, 6]]","const(G1, Q1, 0)",0.339
142,0,"[0, 1, 2, 4, 5, 6]","const(MSEUr, Q2)","const(DTUr, Q4)","[[0], [1, 2, 4, 5, 6]]","[[0], [1, 2, 3, 4, 5, 6]]","const(G0, Q3, 25)",0.339
142,1,[3],"const(MSEUr, Q3)","const(DTUr, Q3)","[[], [3]]","[[0], [1, 2, 3, 4, 5, 6]]","const(G1, Q1, 0)",0.339
143,0,"[0, 1, 2, 4, 5, 6]","const(MSEUr, Q2)","const(DTUr, Q4)","[[0], [1, 2, 4, 5, 6]]","[[0], [1, 2, 3, 4, 5, 6]]","const(G0, Q3, 25)",0.336
143,1,[3],"const(MSEUr, Q3)","const(DTUr, Q3)","[[], [3]]","[[0], [1, 2, 3, 4, 5, 6]]","const(G1, Q1, 0)",0.336
144,0,"[0, 1, 2, 4, 5, 6]","const(MSEUr, Q2)","const(DTUr, Q4)","[[0], [1, 2, 4, 5, 6]]","[[0], [1, 2, 3, 4, 5, 6]]","const(G0, Q3, 25)",0.335
144,1,[3],"const(MSEUr, Q3)","const(DTUr, Q3)","[[], [3]]","[[0], [1, 2, 3, 4, 5, 6]]","const(G1, Q1, 0)",0.335
145,0,"[0, 1, 2, 4, 5, 6]","const(MSEUr, Q2)","const(DTUr, Q4)","[[0], [1, 2, 4, 5, 6]]","[[0], [1, 2, 3, 4, 5, 6]]","const(G0, Q3, 25)",0.333
145,1,[3],"const(MSEUr, Q3)","const(DTUr, Q3)","[[], [3]]","[[0], [1, 2, 3, 4, 5, 6]]","const(G1, Q1, 0)",0.333
146,0,"[0, 1, 2, 4, 5, 6]","const(MSEUr, Q2)","const(DTUr, Q4)","[[0], [1, 2, 4, 5, 6]]","[[0], [1, 2, 3, 4, 5, 6]]","const(G0, Q3, 25)",0.333
146,1,[3],"const(MSEUr, Q3)","const(DTUr, Q3)","[[], [3]]","[[0], [1, 2, 3, 4, 5, 6]]","const(G1, Q1, 0)",0.333
147,0,"[0, 1, 2, 4, 5, 6]","const(MSEUr, Q2)","const(DTUr, Q4)","[[0], [1, 2, 4, 5, 6]]","[[0], [1, 2, 3, 4, 5, 6]]","const(G0, Q3, 25)",0.331
147,1,[3],"const(MSEUr, Q3)","const(DTUr, Q3)","[[], [3]]","[[0], [1, 2, 3, 4, 5, 6]]","const(G1, Q1, 0)",0.331
148,0,"[0, 1, 2, 3, 4, 5, 6]","const(MSEUr, Q2)","const(DTUr, Q4)","[[0], [1, 2, 3, 4, 5, 6]]","[[0], [1, 2, 3, 4, 5, 6]]","const(G0, Q3, 25)",0.328
149,0,"[0, 1, 2, 3, 4, 5, 6]","const(MSEUr, Q2)","const(DTUr, Q4)","[[0], [1, 2, 3, 4, 5, 6]]","[[0], [1, 2, 3, 4, 5, 6]]","const(G0, Q3, 25)",0.328
150,0,"[0, 1, 2, 3, 4, 5, 6]","const(MSEUr, Q2)","const(DTUr, Q4)","[[0], [1, 2, 3, 4, 5, 6]]","[[0], [1, 2, 3, 4, 5, 6]]","const(G0, Q2, 25)",0.326
151,0,"[0, 1, 2, 3, 4, 5, 6]","const(MSEUr, Q3)","const(DTUr, Q4)","[[0], [1, 2, 3, 4, 5, 6]]","[[0], [1, 2, 3, 4, 5, 6]]","const(G0, Q2, 25)",0.324
152,0,"[0, 1, 2, 4, 5, 6]","const(MSEUr, Q2)","inc(DTUr, Q4)","[[0], [1, 2, 4, 5, 6]]","[[0], [1, 2, 3, 4, 5, 6]]","const(G0, Q3, 25)",0.321
152,1,[3],"const(MSEUr, Q3)","const(DTUr, Q3)","[[], [3]]","[[0], [1, 2, 3, 4, 5, 6]]","const(G1, Q1, 0)",0.321
153,0,"[0, 1, 2, 4, 5, 6]","const(MSEUr, Q2)","const(DTUr, Q4)","[[0], [1, 2, 4, 5, 6]]","[[0], [1, 2, 3, 4, 5, 6]]","const(G0, Q3, 25)",0.321
153,1,[3],"const(MSEUr, Q3)","const(DTUr, Q3)","[[], [3]]","[[0], [1, 2, 3, 4, 5, 6]]","const(G1, Q1, 0)",0.321
154,0,"[0, 1, 2, 4, 5, 6]","const(MSEUr, Q2)","const(DTUr, Q4)","[[0], [1, 2, 4, 5, 6]]","[[0], [1, 2, 3, 4, 5, 6]]","const(G0, Q3, 25)",0.32
154,1,[3],"const(MSEUr, Q3)","const(DTUr, Q3)","[[], [3]]","[[0], [1, 2, 3, 4, 5, 6]]","const(G1, Q1, 0)",0.32
155,0,"[0, 1, 2, 4, 5, 6]","const(MSEUr, Q2)","const(DTUr, Q4)","[[0], [1, 2, 4, 5, 6]]","[[0], [1, 2, 3, 4, 5, 6]]","const(G0, Q3, 25)",0.318
155,1,[3],"const(MSEUr, Q4)","const(DTUr, Q3)","[[], [3]]","[[0], [1, 2, 3, 4, 5, 6]]","const(G1, Q1, 0)",0.318
156,0,"[0, 1, 2, 4, 5, 6]","const(MSEUr, Q2)","const(DTUr, Q4)","[[0], [1, 2, 4, 5, 6]]","[[0], [1, 2, 3, 4, 5, 6]]","const(G0, Q3, 25)",0.316
156,1,[3],"const(MSEUr, Q3)","const(DTUr, Q3)","[[], [3]]","[[0], [1, 2, 3, 4, 5, 6]]","const(G1, Q1, 0)",0.316
157,0,"[0, 1, 2, 3, 4, 5, 6]","const(MSEUr, Q2)","const(DTUr, Q4)","[[0], [1, 2, 3, 4, 5, 6]]","[[0], [1, 2, 3, 4, 5, 6]]","const(G0, Q3, 25)",0.315
158,0,"[0, 1, 2, 3, 4, 5, 6]","const(MSEUr, Q2)","const(DTUr, Q4)","[[0], [1, 2, 3, 4, 5, 6]]","[[0], [1, 2, 3, 4, 5, 6]]","const(G0, Q3, 25)",0.313
159,0,"[0, 1, 2, 3, 4, 5, 6]","const(MSEUr, Q2)","const(DTUr, Q4)","[[0], [1, 2, 3, 4, 5, 6]]","[[0], [1, 2, 3, 4, 5, 6]]","const(G0, Q2, 25)",0.311
160,0,"[0, 1, 2, 3, 4, 5, 6]","const(MSEUr, Q3)","const(DTUr, Q4)","[[0], [1, 2, 3, 4, 5, 6]]","[[0], [1, 2, 3, 4, 5, 6]]","const(G0, Q2, 25)",0.31
161,0,"[0, 1, 2, 3, 4, 5, 6]","const(MSEUr, Q3)","const(DTUr, Q4)","[[0], [1, 2, 3, 4, 5, 6]]","[[0], [1, 2, 3, 4, 5, 6]]","const(G0, Q2, 25)",0.309
162,0,"[0, 1, 2, 3, 4, 5, 6]","const(MSEUr, Q3)","const(DTUr, Q4)","[[0], [1, 2, 3, 4, 5, 6]]","[[0], [1, 2, 3, 4, 5, 6]]","const(G0, Q2, 25)",0.307
163,0,"[0, 1, 2, 3, 4, 5, 6]","const(MSEUr, Q3)","const(DTUr, Q4)","[[0], [1, 2, 3, 4, 5, 6]]","[[0], [1, 2, 3, 4, 5, 6]]","const(G0, Q3, 25)",0.306
164,0,"[0, 1, 2, 3, 4, 5, 6]","const(MSEUr, Q3)","const(DTUr, Q4)","[[0], [1, 2, 3, 4, 5, 6]]","[[0], [1, 2, 3, 4, 5, 6]]","const(G0, Q3, 25)",0.304
165,0,"[0, 1, 2, 3, 4, 5, 6]","const(MSEUr, Q3)","const(DTUr, Q4)","[[0], [1, 2, 3, 4, 5, 6]]","[[0], [1, 2, 3, 4, 5, 6]]","const(G0, Q2, 25)",0.303
166,0,"[0, 1, 2, 3, 4, 5, 6]","const(MSEUr, Q3)","const(DTUr, Q4)","[[0], [1, 2, 3, 4, 5, 6]]","[[0], [1, 2, 3, 4, 5, 6]]","const(G0, Q2, 25)",0.302
167,0,"[0, 1, 2, 3, 4, 5, 6]","const(MSEUr, Q3)","const(DTUr, Q4)","[[0], [1, 2, 3, 4, 5, 6]]","[[0], [1, 2, 3, 4, 5, 6]]","const(G0, Q3, 25)",0.301
168,0,"[0, 1, 2, 3, 4, 5, 6]","const(MSEUr, Q2)","const(DTUr, Q4)","[[1, 4], [0, 2, 3, 5, 6]]","[[1, 4], [0, 2, 3, 5, 6]]","inc(G0, Q4, 25)",0.358
169,0,"[0, 1, 2, 3, 4, 5, 6]","const(MSEUr, Q3)","const(DTUr, Q4)","[[0], [1, 2, 3, 4, 5, 6]]","[[0], [1, 2, 3, 4, 5, 6]]","dec(G0, Q2, 25)",0.303
170,0,"[0, 1, 2, 3, 4, 5, 6]","const(MSEUr, Q3)","const(DTUr, Q4)","[[0], [1, 2, 3, 4, 5, 6]]","[[0], [1, 2, 3, 4, 5, 6]]","const(G0, Q2, 25)",0.301
171,0,"[0, 1, 2, 3, 4, 5, 6]","const(MSEUr, Q3)","const(DTUr, Q4)","[[0], [1, 2, 3, 4, 5, 6]]","[[0], [1, 2, 3, 4, 5, 6]]","const(G0, Q3, 25)",0.3
172,0,"[0, 1, 2, 3, 4, 5, 6]","const(MSEUr, Q3)","const(DTUr, Q4)","[[0], [1, 2, 3, 4, 5, 6]]","[[0], [1, 2, 3, 4, 5, 6]]","const(G0, Q3, 25)",0.299
173,0,"[0, 1, 2, 3, 4, 5, 6]","const(MSEUr, Q3)","const(DTUr, Q4)","[[0], [1, 2, 3, 4, 5, 6]]","[[0], [1, 2, 3, 4, 5, 6]]","const(G0, Q2, 25)",0.298
174,0,"[0, 1, 2, 3, 4, 5, 6]","const(MSEUr, Q3)","const(DTUr, Q4)","[[0], [1, 2, 3, 4, 5, 6]]","[[0], [1, 2, 3, 4, 5, 6]]","const(G0, Q2, 25)",0.297
175,0,"[0, 1, 2, 3, 4, 5, 6]","const(MSEUr, Q3)","const(DTUr, Q4)","[[0], [1, 2, 3, 4, 5, 6]]","[[0], [1, 2, 3, 4, 5, 6]]","const(G0, Q3, 25)",0.294
176,0,"[0, 1, 2, 3, 4, 5, 6]","const(MSEUr, Q3)","const(DTUr, Q4)","[[0], [1, 2, 3, 4, 5, 6]]","[[0], [1, 2, 3, 4, 5, 6]]","const(G0, Q3, 25)",0.293
177,0,"[0, 1, 2, 3, 4, 5, 6]","const(MSEUr, Q3)","const(DTUr, Q4)","[[0], [1, 2, 3, 4, 5, 6]]","[[0], [1, 2, 3, 4, 5, 6]]","const(G0, Q2, 25)",0.293
178,0,"[0, 1, 2, 3, 4, 5, 6]","const(MSEUr, Q3)","const(DTUr, Q4)","[[0], [1, 2, 3, 4, 5, 6]]","[[0], [1, 2, 3, 4, 5, 6]]","const(G0, Q2, 25)",0.292
179,0,"[0, 1, 2, 3, 4, 5, 6]","const(MSEUr, Q3)","const(DTUr, Q4)","[[0], [1, 2, 3, 4, 5, 6]]","[[0], [1, 2, 3, 4, 5, 6]]","const(G0, Q3, 25)",0.29
180,0,"[0, 1, 2, 3, 4, 5, 6]","const(MSEUr, Q3)","const(DTUr, Q4)","[[0], [1, 2, 3, 4, 5, 6]]","[[0], [1, 2, 3, 4, 5, 6]]","const(G0, Q3, 25)",0.289
181,0,"[0, 1, 2, 3, 4, 5, 6]","const(MSEUr, Q3)","const(DTUr, Q4)","[[0], [1, 2, 3, 4, 5, 6]]","[[0], [1, 2, 3, 4, 5, 6]]","const(G0, Q2, 25)",0.288
182,0,"[0, 1, 2, 3, 4, 5, 6]","const(MSEUr, Q3)","const(DTUr, Q4)","[[0], [1, 2, 3, 4, 5, 6]]","[[0], [1, 2, 3, 4, 5, 6]]","const(G0, Q2, 25)",0.287
183,0,"[0, 1, 2, 3, 4, 5, 6]","const(MSEUr, Q3)","const(DTUr, Q4)","[[0], [1, 2, 3, 4, 5, 6]]","[[0], [1, 2, 3, 4, 5, 6]]","const(G0, Q3, 25)",0.287
184,0,"[0, 1, 2, 3, 4, 5, 6]","const(MSEUr, Q3)","const(DTUr, Q4)","[[0], [1, 2, 3, 4, 5, 6]]","[[0], [1, 2, 3, 4, 5, 6]]","const(G0, Q3, 25)",0.285
185,0,"[0, 1, 2, 3, 4, 5, 6]","const(MSEUr, Q3)","const(DTUr, Q4)","[[0], [1, 2, 3, 4, 5, 6]]","[[0], [1, 2, 3, 4, 5, 6]]","const(G0, Q2, 25)",0.283
186,0,"[0, 1, 2, 3, 4, 5, 6]","const(MSEUr, Q3)","const(DTUr, Q4)","[[0], [1, 2, 3, 4, 5, 6]]","[[0], [1, 2, 3, 4, 5, 6]]","const(G0, Q2, 25)",0.283
187,0,"[0, 1, 2, 3, 4, 5, 6]","const(MSEUr, Q3)","const(DTUr, Q4)","[[0], [1, 2, 3, 4, 5, 6]]","[[0], [1, 2, 3, 4, 5, 6]]","const(G0, Q3, 25)",0.282
188,0,"[0, 1, 2, 3, 4, 5, 6]","const(MSEUr, Q3)","const(DTUr, Q4)","[[0], [1, 2, 3, 4, 5, 6]]","[[0], [1, 2, 3, 4, 5, 6]]","const(G0, Q3, 25)",0.281
189,0,"[0, 1, 2, 3, 4, 5, 6]","const(MSEUr, Q3)","const(DTUr, Q4)","[[0], [1, 2, 3, 4, 5, 6]]","[[0], [1, 2, 3, 4, 5, 6]]","const(G0, Q2, 25)",0.28
190,0,"[0, 1, 2, 3, 4, 5, 6]","const(MSEUr, Q3)","const(DTUr, Q4)","[[0], [1, 2, 3, 4, 5, 6]]","[[0], [1, 2, 3, 4, 5, 6]]","const(G0, Q2, 25)",0.279
191,0,"[0, 1, 2, 3, 4, 5, 6]","const(MSEUr, Q3)","const(DTUr, Q4)","[[0], [1, 2, 3, 4, 5, 6]]","[[0], [1, 2, 3, 4, 5, 6]]","const(G0, Q3, 25)",0.278
192,0,"[0, 1, 2, 3, 4, 5, 6]","const(MSEUr, Q3)","const(DTUr, Q4)","[[0], [1, 2, 3, 4, 5, 6]]","[[0], [1, 2, 3, 4, 5, 6]]","const(G0, Q3, 25)",0.276
193,0,"[0, 1, 2, 3, 4, 5, 6]","const(MSEUr, Q3)","const(DTUr, Q4)","[[0], [1, 2, 3, 4, 5, 6]]","[[0], [1, 2, 3, 4, 5, 6]]","const(G0, Q2, 25)",0.276
194,0,"[0, 1, 2, 3, 4, 5, 6]","const(MSEUr, Q3)","const(DTUr, Q4)","[[0], [1, 2, 3, 4, 5, 6]]","[[0], [1, 2, 3, 4, 5, 6]]","const(G0, Q2, 25)",0.275
195,0,"[0, 1, 2, 3, 4, 5, 6]","const(MSEUr, Q3)","const(DTUr, Q4)","[[0], [1, 2, 3, 4, 5, 6]]","[[0], [1, 2, 3, 4, 5, 6]]","const(G0, Q3, 25)",0.275
196,0,"[0, 1, 2, 3, 4, 5, 6]","const(MSEUr, Q3)","const(DTUr, Q4)","[[0], [1, 2, 3, 4, 5, 6]]","[[0], [1, 2, 3, 4, 5, 6]]","const(G0, Q3, 25)",0.274
197,0,"[0, 1, 2, 3, 4, 5, 6]","const(MSEUr, Q3)","const(DTUr, Q4)","[[0], [1, 2, 3, 4, 5, 6]]","[[0], [1, 2, 3, 4, 5, 6]]","const(G0, Q2, 25)",0.272
198,0,"[0, 1, 2, 3, 4, 5, 6]","const(MSEUr, Q3)","const(DTUr, Q4)","[[0], [1, 2, 3, 4, 5, 6]]","[[0], [1, 2, 3, 4, 5, 6]]","const(G0, Q2, 25)",0.272
199,0,"[0, 1, 2, 3, 4, 5, 6]","const(MSEUr, Q3)","const(DTUr, Q4)","[[0], [1, 2, 3, 4, 5, 6]]","[[0], [1, 2, 3, 4, 5, 6]]","const(G0, Q3, 25)",0.271
200,0,"[0, 1, 2, 3, 4, 5, 6]","const(MSEUr, Q3)","const(DTUr, Q4)","[[0], [1, 2, 3, 4, 5, 6]]","[[0], [1, 2, 3, 4, 5, 6]]","const(G0, Q3, 25)",0.27
201,0,"[0, 1, 2, 3, 4, 5, 6]","const(MSEUr, Q3)","const(DTUr, Q4)","[[0], [1, 2, 3, 4, 5, 6]]","[[0], [1, 2, 3, 4, 5, 6]]","const(G0, Q2, 25)",0.269
202,0,"[0, 1, 2, 3, 4, 5, 6]","const(MSEUr, Q3)","const(DTUr, Q4)","[[0], [1, 2, 3, 4, 5, 6]]","[[0], [1, 2, 3, 4, 5, 6]]","const(G0, Q2, 25)",0.27
203,0,"[0, 1, 2, 3, 4, 5, 6]","const(MSEUr, Q3)","const(DTUr, Q4)","[[0], [1, 2, 3, 4, 5, 6]]","[[0], [1, 2, 3, 4, 5, 6]]","const(G0, Q3, 25)",0.268
204,0,"[0, 1, 2, 3, 4, 5, 6]","const(MSEUr, Q3)","const(DTUr, Q4)","[[0], [1, 2, 3, 4, 5, 6]]","[[0], [1, 2, 3, 4, 5, 6]]","const(G0, Q3, 25)",0.267
205,0,"[0, 1, 2, 3, 4, 5, 6]","const(MSEUr, Q3)","const(DTUr, Q4)","[[0], [1, 2, 3, 4, 5, 6]]","[[0], [1, 2, 3, 4, 5, 6]]","const(G0, Q2, 25)",0.267
206,0,"[0, 1, 2, 3, 4, 5, 6]","const(MSEUr, Q3)","const(DTUr, Q4)","[[0], [1, 2, 3, 4, 5, 6]]","[[0], [1, 2, 3, 4, 5, 6]]","const(G0, Q2, 25)",0.266
207,0,"[0, 1, 2, 3, 4, 5, 6]","const(MSEUr, Q3)","const(DTUr, Q4)","[[0], [1, 2, 3, 4, 5, 6]]","[[0], [1, 2, 3, 4, 5, 6]]","const(G0, Q3, 25)",0.266
208,0,"[0, 1, 2, 3, 4, 5, 6]","const(MSEUr, Q3)","const(DTUr, Q4)","[[0], [1, 2, 3, 4, 5, 6]]","[[0], [1, 2, 3, 4, 5, 6]]","const(G0, Q3, 25)",0.265
209,0,"[0, 1, 2, 3, 4, 5, 6]","const(MSEUr, Q3)","const(DTUr, Q4)","[[0], [1, 2, 3, 4, 5, 6]]","[[0], [1, 2, 3, 4, 5, 6]]","const(G0, Q2, 25)",0.264
210,0,"[0, 1, 2, 3, 4, 5, 6]","const(MSEUr, Q3)","const(DTUr, Q4)","[[0], [1, 2, 3, 4, 5, 6]]","[[0], [1, 2, 3, 4, 5, 6]]","const(G0, Q2, 25)",0.263
211,0,"[0, 1, 2, 3, 4, 5, 6]","const(MSEUr, Q3)","const(DTUr, Q4)","[[0], [1, 2, 3, 4, 5, 6]]","[[0], [1, 2, 3, 4, 5, 6]]","const(G0, Q3, 25)",0.263
212,0,"[0, 1, 2, 3, 4, 5, 6]","const(MSEUr, Q3)","const(DTUr, Q4)","[[0], [1, 2, 3, 4, 5, 6]]","[[0], [1, 2, 3, 4, 5, 6]]","const(G0, Q3, 25)",0.262
213,0,"[0, 1, 2, 3, 4, 5, 6]","const(MSEUr, Q3)","const(DTUr, Q4)","[[0], [1, 2, 3, 4, 5, 6]]","[[0], [1, 2, 3, 4, 5, 6]]","const(G0, Q2, 25)",0.261
214,0,"[0, 1, 2, 3, 4, 5, 6]","const(MSEUr, Q3)","const(DTUr, Q4)","[[0], [1, 2, 3, 4, 5, 6]]","[[0], [1, 2, 3, 4, 5, 6]]","const(G0, Q2, 25)",0.262
215,0,"[0, 1, 2, 3, 4, 5, 6]","const(MSEUr, Q3)","const(DTUr, Q4)","[[0], [1, 2, 3, 4, 5, 6]]","[[0], [1, 2, 3, 4, 5, 6]]","const(G0, Q3, 25)",0.261
216,0,"[0, 1, 2, 3, 4, 5, 6]","const(MSEUr, Q3)","const(DTUr, Q4)","[[0], [1, 2, 3, 4, 5, 6]]","[[0], [1, 2, 3, 4, 5, 6]]","const(G0, Q3, 25)",0.259
217,0,"[0, 1, 2, 3, 4, 5, 6]","const(MSEUr, Q3)","const(DTUr, Q4)","[[0], [1, 2, 3, 4, 5, 6]]","[[0], [1, 2, 3, 4, 5, 6]]","const(G0, Q2, 25)",0.259
218,0,"[0, 1, 2, 3, 4, 5, 6]","const(MSEUr, Q3)","const(DTUr, Q4)","[[0], [1, 2, 3, 4, 5, 6]]","[[0], [1, 2, 3, 4, 5, 6]]","const(G0, Q2, 25)",0.258
219,0,"[0, 1, 2, 3, 4, 5, 6]","const(MSEUr, Q3)","const(DTUr, Q4)","[[0], [1, 2, 3, 4, 5, 6]]","[[0], [1, 2, 3, 4, 5, 6]]","const(G0, Q3, 25)",0.257
220,0,"[0, 1, 2, 3, 4, 5, 6]","const(MSEUr, Q3)","const(DTUr, Q4)","[[0], [1, 2, 3, 4, 5, 6]]","[[0], [1, 2, 3, 4, 5, 6]]","const(G0, Q3, 25)",0.256
221,0,"[0, 1, 2, 3, 4, 5, 6]","const(MSEUr, Q3)","const(DTUr, Q4)","[[0], [1, 2, 3, 4, 5, 6]]","[[0], [1, 2, 3, 4, 5, 6]]","const(G0, Q2, 25)",0.256
222,0,"[0, 1, 2, 3, 4, 5, 6]","const(MSEUr, Q3)","const(DTUr, Q4)","[[0], [1, 2, 3, 4, 5, 6]]","[[0], [1, 2, 3, 4, 5, 6]]","const(G0, Q2, 25)",0.256
223,0,"[0, 1, 2, 3, 4, 5, 6]","const(MSEUr, Q3)","const(DTUr, Q4)","[[0], [1, 2, 3, 4, 5, 6]]","[[0], [1, 2, 3, 4, 5, 6]]","const(G0, Q3, 25)",0.255
224,0,"[0, 1, 2, 3, 4, 5, 6]","const(MSEUr, Q3)","const(DTUr, Q4)","[[0], [1, 2, 3, 4, 5, 6]]","[[0], [1, 2, 3, 4, 5, 6]]","const(G0, Q3, 25)",0.255
225,0,"[0, 1, 2, 3, 4, 5, 6]","const(MSEUr, Q3)","const(DTUr, Q4)","[[0], [1, 2, 3, 4, 5, 6]]","[[0], [1, 2, 3, 4, 5, 6]]","const(G0, Q2, 25)",0.255
226,0,"[0, 1, 2, 3, 4, 5, 6]","const(MSEUr, Q3)","const(DTUr, Q4)","[[0], [1, 2, 3, 4, 5, 6]]","[[0], [1, 2, 3, 4, 5, 6]]","const(G0, Q2, 25)",0.253
227,0,"[0, 1, 2, 3, 4, 5, 6]","const(MSEUr, Q3)","const(DTUr, Q4)","[[0], [1, 2, 3, 4, 5, 6]]","[[0], [1, 2, 3, 4, 5, 6]]","const(G0, Q3, 25)",0.252
228,0,"[0, 1, 2, 3, 4, 5, 6]","const(MSEUr, Q3)","const(DTUr, Q4)","[[0], [1, 2, 3, 4, 5, 6]]","[[0], [1, 2, 3, 4, 5, 6]]","const(G0, Q3, 25)",0.253
229,0,"[0, 1, 2, 3, 4, 5, 6]","const(MSEUr, Q3)","const(DTUr, Q4)","[[0], [1, 2, 3, 4, 5, 6]]","[[0], [1, 2, 3, 4, 5, 6]]","const(G0, Q2, 25)",0.251
230,0,"[0, 1, 2, 3, 4, 5, 6]","const(MSEUr, Q3)","const(DTUr, Q4)","[[0], [1, 2, 3, 4, 5, 6]]","[[0], [1, 2, 3, 4, 5, 6]]","const(G0, Q2, 25)",0.251
231,0,"[0, 1, 2, 3, 4, 5, 6]","const(MSEUr, Q3)","const(DTUr, Q4)","[[0], [1, 2, 3, 4, 5, 6]]","[[0], [1, 2, 3, 4, 5, 6]]","const(G0, Q3, 25)",0.25
232,0,"[0, 1, 2, 3, 4, 5, 6]","const(MSEUr, Q3)","const(DTUr, Q4)","[[0], [1, 2, 3, 4, 5, 6]]","[[0], [1, 2, 3, 4, 5, 6]]","const(G0, Q3, 25)",0.25
233,0,"[0, 1, 2, 3, 4, 5, 6]","const(MSEUr, Q3)","const(DTUr, Q4)","[[0], [1, 2, 3, 4, 5, 6]]","[[0], [1, 2, 3, 4, 5, 6]]","const(G0, Q2, 25)",0.249
234,0,"[0, 1, 2, 3, 4, 5, 6]","const(MSEUr, Q3)","const(DTUr, Q4)","[[1], [0, 2, 3, 4, 5, 6]]","[[1], [0, 2, 3, 4, 5, 6]]","const(G0, Q2, 25)",0.255
